step,MSE,val MSE,PSNR (dB),val PSNR,MSSSIM,val MSSSIM
1,0.0038001983564430078,0.001528655740675395,26.308883171931953,28.00352544369905,0.9630692780587324,0.9839485585689545
2,0.0014010369690553328,0.0012582587812136373,28.595847129821777,28.884625932444695,0.986253132865687,0.9876945588899695
